Round,Player,Strategy,Decision,Reasoning
1,0,self-interested,defect,"with no prior history with the opponent, defecting minimizes my sentence if they choose to cooperate. it"s a dominant strategy in a single round context."
2,0,self-interested,defect,"defecting has given me the best outcome so far, securing 0 years for myself while my opponent cooperated and received 5 years. to minimize my total sentence, continuing to defect is the rational choice since it maximizes my benefit in the current situation."
3,0,self-interested,defect,"defecting minimizes my sentence if the opponent cooperates and results in equal scores if the opponent defects. given my self-interested strategy, i aim to avoid potentially higher penalties from cooperating."
4,0,self-interested,cooperate,"the opponent"s recent shift from cooperation to defection suggests potential willingness to return to cooperation if prompted. by cooperating now, i signal a willingness to reduce mutual penalties and potentially establish a pattern that lowers my long-term sentence. my aim is to avoid the 3-year penalty from mutual defection and potentially benefit from the opponent"s cooperation."
5,0,self-interested,defect,"given both players" recent tendency to defect, continuing to defect minimizes risk. i recently cooperated but faced defection, suggesting my opponent might exploit cooperation. defecting ensures i avoid the maximum penalty of 5 years."
6,0,self-interested,defect,"given my self-interested strategy and the opponent"s recent lack of consistent cooperation, defecting minimizes my risk of receiving a higher sentence if they choose to defect again. trust is low, so defecting is safer."
7,0,self-interested,defect,"given the opponent"s history of mostly defecting, continuing to defect minimizes my risk of receiving a higher sentence if they defect again. cooperation could lead to 5 years for me if they defect."
8,0,self-interested,defect,"given the opponent"s pattern of mostly defecting and my self-interested strategy, defecting minimizes my risk of receiving a higher sentence. cooperating could lead to a 5-year sentence if they defect again."
9,0,self-interested,defect,"both players have consistently defected recently, indicating a lack of trust. continuing to defect minimizes risk of a 5-year sentence if the opponent defects again. this approach reduces my sentence to 3 years rather than risking 5 if i cooperated and they defected."
10,0,self-interested,defect,"given my self-interested strategy and my history of defecting, defecting minimizes my sentence when the opponent cooperates. the opponent"s recent cooperation suggests they might try cooperating again, but my primary goal is minimizing my sentence, so defecting is the safer choice."
11,0,self-interested,defect,"given my self-interested strategy and the current scores, defecting minimizes my prison time per round, especially since my opponent has shown partial cooperation while i consistently defected, ensuring i don"t risk a higher sentence by cooperating."
12,0,self-interested,defect,"defecting minimizes my prison time if the opponent defects again, which is likely given their recent behavior. i have no incentive to cooperate since my past cooperation was met with defection, and my goal is to minimize my own sentence."
13,0,self-interested,defect,"defecting minimizes my sentence in the short term, especially since the opponent has been inconsistent and recently chose to defect. cooperation might lead to higher risk if the opponent defects again."
14,0,self-interested,defect,"defecting ensures the lowest possible sentence for me if the opponent cooperates, and avoids the worst-case scenario of receiving 5 years if i cooperate and the opponent defects. continuing to defect is consistent with my self-interested strategy, especially since both players have been defecting recently."
15,0,self-interested,defect,"defecting consistently has minimized my prison time compared to cooperating, and the opponent has mostly defected in recent rounds. continuing to defect is likely to keep my score lower than if i cooperated."
16,0,self-interested,defect,"both players have been consistently defecting. cooperating now likely won"t change the opponent"s strategy and would result in a worse outcome for me, increasing my prison time by 2 years compared to mutual defection. continuing to defect minimizes my prison time given the current pattern of play."
17,0,self-interested,defect,"both players have been consistently defecting, leading to a stable outcome of 3 years each per round. shifting to cooperation unilaterally would result in a worse outcome for me, as the opponent is likely to continue defecting based on their recent behavior. thus, defecting remains the best strategy to minimize my sentence given the current pattern."
18,0,self-interested,defect,"both players have been consistently defecting, indicating a lack of trust and cooperation. continuing to defect minimizes my sentence compared to the risk of cooperating and receiving a longer sentence if the opponent defects again."
19,0,self-interested,defect,"both players have been consistently defecting, indicating a stable strategy. switching to cooperate alone would result in a 5-year sentence for me, while defecting keeps my sentence at 3 years, which is the best outcome given the current pattern. defecting minimizes risk and maintains my advantage."
20,0,self-interested,defect,"both players have been consistently defecting, resulting in a stable outcome of 3 years each per round. given mutual defection, changing to cooperation unilaterally would lead to a worse outcome for me (5 years). continuing to defect ensures a predictable and stable score, minimizing risk of a higher penalty."
21,0,self-interested,defect,"both players have consistently chosen to defect in recent rounds. shifting to cooperation without a clear signal from the opponent would likely result in a higher sentence for me if the opponent continues to defect. continuing to defect ensures a stable outcome of 3 years per round, minimizing risk of receiving 5 years."
22,0,self-interested,defect,"both players have defected consistently in recent rounds, indicating a mutual lack of trust. continuing to defect minimizes potential loss since cooperating would result in a higher penalty if the opponent defects again. defecting ensures at most 3 years, compared to 5 if i cooperate and the opponent defects."
23,0,self-interested,defect,"both players have consistently defected, suggesting a stable strategy. defecting minimizes my sentence in case the opponent continues to defect, which is likely given the pattern."
24,0,self-interested,defect,"both of us have consistently chosen to defect, resulting in a stable outcome of 3 years each per round. continuing to defect minimizes the risk of receiving a higher sentence if the opponent continues their defect strategy. switching to cooperate could lead to a worse outcome if the opponent defects again."
25,0,self-interested,defect,"both players have consistently defected in recent rounds, indicating a pattern of mutual defection. changing to cooperation is unlikely to yield a better outcome for me, as the opponent is expected to continue defecting. therefore, continuing to defect minimizes my prison sentence compared to cooperating while the opponent defects."
26,0,self-interested,defect,"both i and the opponent have consistently chosen to defect. defecting minimizes my risk of receiving a 5-year sentence if the opponent defects again, while cooperating would result in a worse outcome of 5 years if the opponent defects. hence, defecting remains the best strategy to avoid a higher sentence."
27,0,self-interested,defect,"both players have consistently defected in recent rounds, indicating a mutual lack of trust and willingness to cooperate. defecting minimizes my potential sentence against a defecting opponent, ensuring i don"t receive the maximum penalty."
28,0,self-interested,defect,"both players have been consistently defecting, indicating a lack of trust. continuing to defect minimizes risk, as cooperating could result in receiving the maximum penalty if the opponent defects again."
29,0,self-interested,defect,"the opponent has consistently defected in the past five rounds, indicating a pattern unlikely to change. continuing to defect minimizes my sentence compared to the risk of cooperating and receiving 5 years if they defect again."
30,0,self-interested,defect,"both players have consistently defected, leading to a stable pattern. given the opponent"s history of defection, cooperating would likely result in a higher sentence for me. defecting ensures a predictable outcome and minimizes risk of a higher penalty."
31,0,self-interested,defect,"both players have been consistently defecting, and changing to cooperate unilaterally would result in a worse outcome for me (5 years instead of 3). given the current strategy and pattern, continuing to defect minimizes my sentence compared to cooperating."
32,0,self-interested,defect,"both sides have been consistently defecting, indicating a tit-for-tat or similar retaliatory strategy. changing to cooperate now may not lead to immediate mutual cooperation and could result in a higher sentence for me if the opponent continues to defect. defecting ensures i avoid the worst-case outcome if the opponent defects again."
33,0,self-interested,defect,"both players have consistently chosen to defect in recent games, indicating a mutual lack of trust. continuing to defect minimizes my sentence risk, as cooperation could result in a 5-year sentence if the opponent defects again."
34,0,self-interested,defect,"both players have consistently defected, indicating a mutual pattern. changing to cooperate unilaterally would result in a 5-year penalty for me if the opponent continues to defect. defecting ensures i avoid the worst-case scenario and maintains parity in this ongoing defection cycle."
35,0,self-interested,defect,"both players have consistently chosen to defect, creating a stable equilibrium. switching to cooperate unilaterally would result in a worse outcome for me, as the opponent is likely to continue defecting, which would increase my sentence by 2 additional years per round."
36,0,self-interested,defect,"both players have consistently defected in the last five rounds, indicating a pattern of mutual defection. continuing to defect minimizes my sentence relative to cooperating, given the opponent"s strategy."
37,0,self-interested,defect,"both players have been consistently defecting, leading to 3 years each per round. defecting minimizes my sentence compared to cooperating while the opponent defects, which would result in 5 years for me. given the current pattern and my self-interested strategy, continuing to defect is the rational choice to avoid a worse outcome."
38,0,self-interested,defect,"both players have consistently defected in recent rounds, indicating a mutual expectation of defection. changing to cooperation unilaterally risks receiving a higher penalty if the opponent continues defecting. to minimize my sentence, i will continue to defect as both defecting results in a lower penalty than being the only cooperator."
39,0,self-interested,defect,"both players have been consistently defecting, leading to a stable state where mutual defection yields 3 years each. changing strategy to cooperate could result in a higher penalty if the opponent continues to defect (5 years for me). thus, defecting minimizes risk and maintains the current equilibrium."
40,0,self-interested,defect,"both players have consistently chosen to defect in recent rounds, indicating a lack of trust. defecting limits my sentence to 3 years instead of risking 5 years if i cooperate and the opponent defects. maintaining this strategy is currently the least risky option given the opponent"s pattern."
41,0,self-interested,defect,"both i and my opponent have consistently chosen to defect in recent games, suggesting a lack of trust or willingness to cooperate. continuing to defect minimizes the risk of receiving a higher penalty if my opponent defects again. given the current pattern, defecting remains the safest choice to avoid a potential 5-year sentence if the opponent defects."
42,0,self-interested,defect,"both i and my opponent have consistently defected. defecting ensures i avoid the worst-case scenario of receiving 5 years if the opponent defects. cooperation offers no immediate advantage given the pattern and could lead to a higher sentence."
43,0,self-interested,defect,"given the recent history of mutual defection, the opponent seems likely to continue defecting. if i cooperate and they defect, i would face 5 years. by defecting, i ensure a 3-year sentence instead of risking a higher penalty. maintaining defection minimizes my potential loss given the current pattern."
44,0,self-interested,defect,"both players have consistently defected in recent rounds, suggesting a pattern where mutual defection is expected. defecting minimizes my sentence to 3 years instead of risking 5 years if i cooperate while the opponent defects. continuing to defect aligns with a self-interested strategy to avoid worse outcomes."
45,0,self-interested,defect,"both of us have been consistently defecting, suggesting a stable mutual defection strategy. defecting minimizes my sentence risk as cooperation would likely lead to a 5-year penalty if the opponent continues to defect."
46,0,self-interested,defect,"both players have consistently chosen to defect, suggesting a mutual lack of trust and a strategy focused on minimizing immediate losses. continuing to defect avoids the higher penalty of cooperating while the opponent defects, and maintains the current equilibrium. given the opponent"s pattern of defection, any cooperative gesture is unlikely to be reciprocated, making defection the safer choice to minimize my sentence."
47,0,self-interested,defect,"both players have consistently defected in recent rounds, making it unlikely the opponent will shift to cooperation. defecting minimizes my sentence if the opponent continues to defect."
48,0,self-interested,defect,"both myself and the opponent have defected consistently in recent rounds. continuing to defect minimizes risk, as mutual defection leads to a predictable outcome of 3 years each. attempting to cooperate unilaterally could result in a higher sentence of 5 years if the opponent continues to defect."
49,0,self-interested,defect,"both players have consistently defected in recent rounds, indicating a mutual lack of trust. continuing to defect minimizes the risk of receiving a higher penalty (5 years) if the opponent defects while i cooperate. given the history and my self-interested strategy, defecting is the safer choice to minimize my sentence."
50,0,self-interested,defect,"both players have been defecting consistently, suggesting mutual distrust. continuing to defect minimizes my sentence risk, as cooperating could lead to a 5-year penalty if the opponent continues to defect."
1,1,self-interested,cooperate,"as this is the first game with no history, cooperating is a good initial strategy to establish trust and open the possibility for mutual cooperation in future rounds."
2,1,self-interested,defect,"in the previous round, i cooperated while the opponent defected, resulting in a worse outcome for me. to discourage the opponent from taking advantage of my cooperation, i will defect in this round. this decision aims to signal that i will not allow exploitation and to potentially incentivize the opponent to cooperate in future rounds."
3,1,self-interested,defect,"in the last two rounds, my opponent has chosen to defect, resulting in a higher cumulative score for me. to minimize my years in prison and prevent further exploitation, i will defect this round. this decision aligns with a strategy to retaliate against continuous defection by the opponent."
4,1,self-interested,defect,"the opponent has consistently defected in recent rounds. in an "else" strategy, i should defect to minimize my own potential losses, as cooperation would lead to a higher penalty for me while not changing the opponent"s strategy."
5,1,self-interested,cooperate,"both players have been defecting frequently, but the opponent cooperated last round, suggesting a possible shift towards cooperation. to minimize my penalty and encourage mutual cooperation, i will cooperate this round."
6,1,self-interested,defect,"the opponent has predominantly defected in recent rounds, indicating an uncooperative strategy. defecting minimizes my risk of receiving a higher penalty if they continue to defect. while cooperating could reduce my score if they reciprocate, their pattern suggests otherwise."
7,1,self-interested,defect,"in the last five games, my opponent defected four times and cooperated once, indicating a likely tit-for-tat strategy. both of us defected in the last round, and my score is worse than the opponent"s. defecting may help balance the scores and avoid being exploited if the opponent defects again."
8,1,self-interested,defect,"given the opponent"s recent pattern of mostly defecting, it seems risky to cooperate as they might defect again. defecting minimizes the potential for a higher penalty if they continue to defect. maintaining a competitive stance aligns with the recent trend to avoid falling further behind."
9,1,self-interested,cooperate,"i have consistently been defecting, and so has my opponent after initially cooperating. this pattern has led to both of us receiving suboptimal outcomes. by choosing to cooperate now, i hope to encourage a shift towards mutual cooperation, which could reduce my overall score in future rounds. additionally, our scores are relatively close, so a strategic change might also disrupt the opponent"s expectations and lead to a better outcome for me."
10,1,self-interested,cooperate,"despite the opponent"s consistent defection, continuing to defect will only widen the score gap. cooperating offers a chance to reset the pattern, potentially encouraging mutual cooperation for better long-term outcomes."
11,1,self-interested,defect,"the opponent has consistently defected in recent rounds, indicating a lack of cooperation. to minimize potential losses and maintain competitiveness, defecting is the more rational choice given their behavior."
12,1,self-interested,defect,"the opponent has consistently defected in recent rounds. to minimize my prison time, i should also defect, as cooperating would result in a worse outcome for me (5 years)."
13,1,self-interested,defect,"the opponent has consistently defected in the last five rounds, indicating a strategy focused on minimizing their own sentence without cooperation. my score is already significantly higher, and continued cooperation without reciprocity is detrimental. defecting aligns with a tit-for-tat approach to discourage one-sided exploitation."
14,1,self-interested,defect,"the opponent has consistently defected in recent rounds, indicating a commitment to this strategy. continuing to cooperate would result in a higher penalty for me. defecting minimizes my prison time under the current circumstances."
15,1,self-interested,defect,"both players have consistently defected in recent rounds. given the current strategy and opponent"s pattern, defecting minimizes potential losses as mutual cooperation seems unlikely."
16,1,self-interested,defect,"both players have consistently defected in recent rounds, leading to a stable pattern of mutual defection. given the current score disadvantage and no indication of opponent"s willingness to cooperate, continuing to defect minimizes risk of unilateral cooperation, which would result in a worse outcome."
17,1,self-interested,defect,"both players have consistently defected, suggesting a mutual expectation of defection. continuing with defection minimizes risk and keeps scores balanced since cooperation might be exploited by the opponent."
18,1,self-interested,defect,"both players have been consistently defecting, likely anticipating mutual defection. continuing to defect minimizes potential losses given the current strategy pattern and the opponent"s likely response."
19,1,self-interested,defect,"both players have been defecting consistently for the last five rounds, indicating a breakdown in trust. defecting minimizes the risk of receiving a higher penalty if the opponent continues to defect. this choice is also aligned with maintaining a non-cooperative strategy given the current situation and scores."
20,1,self-interested,defect,"both parties have been consistently defecting, indicating a breakdown in cooperation. switching to cooperation unilaterally risks a significant disadvantage if the opponent continues defecting. given the current strategy and score gap, maintaining mutual defection minimizes potential losses."
21,1,self-interested,defect,"both players have been consistently defecting, leading to mutual punishment. given the current strategy and lack of cooperation, continuing to defect minimizes risk of unilateral exploitation."
22,1,self-interested,defect,"both players have consistently defected over the last five rounds, indicating a lack of trust or incentive to cooperate. continuing to defect minimizes my potential losses as cooperating would result in a higher penalty if the opponent defects again."
23,1,self-interested,defect,"the pattern of mutual defection has been established, leading to a stable outcome where both receive 3 years each round. changing strategy unilaterally to cooperate could result in a 5-year penalty if the opponent continues defecting. to avoid a worse outcome, maintaining defection aligns with the current equilibrium and minimizes additional risk."
24,1,self-interested,defect,"both players have consistently defected for several rounds, indicating a mutual expectation of defection. continuing to defect ensures i don"t unilaterally increase my sentence by cooperating while the opponent defects."
25,1,self-interested,defect,"both players have consistently defected in recent rounds, leading to a stable pattern. continuing to defect minimizes risk in this situation, as mutual cooperation seems unlikely given the history."
26,1,self-interested,defect,"both players have consistently defected in recent rounds, and continuing to defect avoids being exploited. changing strategy without indication of opponent"s cooperation may increase my score adversely."
27,1,self-interested,defect,"both players have been consistently defecting, and my score is significantly higher, indicating i am losing. continuing to defect might prevent further disadvantage since mutual defection leads to a smaller penalty than cooperating while the opponent defects."
28,1,self-interested,defect,"both players have been consistently defecting, leading to a stable outcome of 3 years each per round. given the current score disadvantage and lack of trust, continuing to defect is rational to avoid potential exploitation."
29,1,self-interested,defect,"both players have consistently defected in recent rounds, indicating a tit-for-tat strategy or mutual distrust. continuing to defect minimizes risk of being exploited by the opponent, as both players have shown a pattern of defecting. cooperation seems unlikely without a change in opponent"s behavior."
30,1,self-interested,defect,"both have been consistently defecting, likely due to a breakdown in trust. continuing to defect minimizes the risk of receiving a higher penalty if the opponent also defects. cooperation without a mutual agreement or change in pattern is risky."
31,1,self-interested,defect,"both players have consistently defected in recent rounds, creating a stable pattern. continuing to defect aligns with the current strategy and avoids the risk of being exploited if the opponent defects."
32,1,self-interested,defect,"both players have been consistently defecting, indicating a lack of trust and cooperation. given my strategy "else" and the current pattern, continuing to defect minimizes risk of falling further behind if the opponent defects again."
33,1,self-interested,defect,"both players have consistently defected in recent rounds. continuing to defect ensures that i do not unilaterally incur a higher penalty by cooperating while the opponent defects. given the history, defecting is the rational choice to avoid a worse outcome."
34,1,self-interested,defect,"both players have been defecting persistently. continuing with defection minimizes risk as mutual cooperation seems unlikely, keeping scores equal rather than risking a higher penalty."
35,1,self-interested,defect,"both players have consistently defected in recent rounds, leading to a mutual defection pattern. given this history and the payoff matrix, defecting minimizes risk of being exploited and maintains equilibrium. changing strategy without signal of cooperation from the opponent may lead to an unfavorable outcome."
36,1,self-interested,defect,"both players have consistently chosen to defect in recent rounds, indicating a mutual lack of trust or an established pattern. given the current strategy and the game dynamics, continuing to defect minimizes the risk of being exploited, maintaining the status quo in terms of scoring."
37,1,self-interested,defect,"both players have been consistently defecting, leading to a stable equilibrium of mutual defection. changing to cooperation unilaterally would result in a worse outcome for me, as my opponent is likely to remain defecting."
38,1,self-interested,defect,"both players have been consistently defecting, indicating a mutual lack of trust or strategy to cooperate. changing to cooperate unilaterally may result in a worse outcome (5 years), while mutual defection results in 3 years each. continuing to defect maintains the status quo."
39,1,self-interested,defect,"both players have been consistently defecting, leading to a stable state where mutual defection is expected. switching to cooperation without indication of opponent"s change risks a significant disadvantage. with a score deficit, maintaining the current strategy avoids further loss."
40,1,self-interested,defect,"both players have been defecting consistently, indicating mutual distrust. switching to cooperation unilaterally could lead to a disadvantageous outcome of receiving 5 years if the opponent continues to defect. defecting maintains the status quo and prevents being exploited. a shift in strategy might be considered if the opponent shows signs of cooperation."
41,1,self-interested,defect,"both players have been consistently defecting, suggesting a lack of trust and cooperation. continuing to defect minimizes the risk of being exploited by the opponent, given the current strategy and score difference."
42,1,self-interested,defect,"the opponent has consistently defected in recent games, and i am currently behind in score. continuing to defect minimizes potential losses and prevents the opponent from gaining an advantage by cooperating while i defect."
43,1,self-interested,defect,"both players have consistently defected, suggesting a mutual expectation of defection. changing strategy unilaterally might lead to a worse outcome for me, as cooperating while the opponent defects results in the maximum penalty. given the current scores, maintaining the status quo is safer."
44,1,self-interested,defect,"both players have consistently chosen to defect in the recent rounds, indicating a strategy where mutual defection is expected. defecting ensures that i don"t unilaterally receive a worse outcome by cooperating while the opponent defects."
45,1,self-interested,defect,"both players have consistently defected in recent rounds, indicating a mutual lack of trust or a decision to pursue a tit-for-tat strategy. continuing to defect minimizes potential losses as cooperating while the opponent defects would result in a higher penalty. given the current pattern and scores, defecting remains the most rational choice."
46,1,self-interested,defect,"both players have consistently defected in recent rounds, indicating a mutual lack of trust. continuing to defect prevents me from being exploited by a sudden opponent cooperation."
47,1,self-interested,defect,"both players have consistently chosen to defect in recent rounds, indicating a lack of trust and cooperation. defecting again minimizes risk and prevents potential exploitation by the opponent."
48,1,self-interested,defect,"both parties have been consistently defecting, leading to a mutual equilibrium of 3 years each per round. switching to cooperation without assurance from the opponent risks a 5-year penalty, while continuing to defect ensures a consistent and predictable outcome. given the current score gap, maintaining the status quo is strategic to avoid falling further behind."
49,1,self-interested,defect,"both players have consistently defected in recent rounds, indicating a mutual expectation of defection. continuing to defect minimizes risk of high penalty if opponent defects again, as mutual defection results in a less severe outcome compared to unilateral cooperation. maintaining this strategy aligns with current game dynamics and score gap."
50,1,self-interested,defect,"both parties have consistently chosen to defect in recent rounds, indicating a lack of trust and cooperation. given this history and the strategy of "else," continuing to defect minimizes potential risk since cooperating unilaterally would result in a worse outcome for me. the goal is to avoid a large disparity in scores, and mutual defection maintains the status quo."
